organization_id,email,phone,address
1,starfishanimalrescuer@gmail.com,1234567890,"Batavia, Batavia, IL, 60510, US"
2,adoptions@theanimalleague.org,(352) 429-6334,"4648 Baptist Island Road, Groveland FL 32736, Clermont, FL, 34712, US"
3,adopt@freedom-ride.org,1234567890,"Raleigh, NC, 27604, US"
4,lhkyrescue@gmail.com,1234567890,"Cincinnati, OH, 45211, US"
5,paws@northwoodshumanesociety.org,(715) 634-5394,"PO Box 82, 10812N OBrien Hill Road, Hayward, WI, 54843, US"
6,maggiesmissionrescue@gmail.com,1234567890,"Wadsworth, OH, 44281, US"
7,pdeal@las-cruces.org,(575) 382-0018,"3551 Bataan Memorial West, Las Cruces, NM, 88012, US"
8,naiaspetrescue@gmail.com,954947PETS,"Pompano Beach, FL, 33064, US"
9,needypawsstl@gmail.com,1234567890,"St. Louis, MO, 63125, US"
10,adopt57@aheinz57.com,(515) 834-1157,"4002 Ash Street, De Soto, IA, 50069, US"
11,wacltd@telus.net,(780) 352-7006,"wetaskiwin, AB, t9a 2j4, CA"
12,info@hsnb.org,(707) 645-7905,"1121 Sonoma Blvd, Vallejo, CA, 94590, US"
13,OSCARRescue@yahoo.com,1234567890,"Sparta, NJ, 07871, US"
14,nicolenariel@yahoo.com,1234567890,"New Orleans, LA, 70124, US"
15,Hhpmontana1@gmail.com,(406) 860-8735,"2910 Hannon Road, Billings, MT, 59101, US"
16,Crystal@hartmanshaven.org,1234567890,"Conover, NC, 28613, US"
17,wcras@wilco.org,512-943-3322  ,"1855 SE Inner Loop, Georgetown, TX, 78626, US"
18,aalslidell@gmail.com,985-646-4267,"2700 Terrace Ave, Slidell, LA, 70458, US"
19,aap1@frontiernet.net,(217) 835-2538,"807 Stewart Rd, P.O.Box 53, Benld, IL, 62009, US"
20,pets@tricountyhumanesociety.org,320-252-0896,"735 8th St. NE, PO Box 701, Saint Cloud, MN, 56302, US"
21,info@highlandlakescaninerescue.org,(830) 693-0569,"Marble Falls, TX, 78654, US"
22,adopt@ilovefamilydog.org,1234567890,"San Francisco, CA, 94103, US"
23,kandkinfodesk@gmail.com,(479) 551-2221,"4800 South 46th Street, Fort Smith, AR, 72903, US"
24,sparkyandthegang@yahoo.com,1234567890,"Long Beach, CA, 90804, US"
25,abc@gmail.com,(602) 506-2765,"2500 S. 27th Avenue, (27th and Durango), Phoenix, AZ, 85009, US"
26,emotional.rescue1@outlook.com,1234567890,"Hastings, MN, 55033, US"
27,fourpreciouspaws1@yahoo.com,(765) 450-6750,"3117 S. LaFountain, Kokomo, IN, 46902, US"
28,needypawsstl@gmail.com,1234567890,"St. Louis, MO, 63125, US"
29,eaplevergreen@eapl.com,(303) 674-6442,"PO Box 2517, Westminster, CO, 80021, US"
30,adopt@ilovefamilydog.org,1234567890,"San Francisco, CA, 94103, US"
31,info@fairhumane.org,(740) 687-0627,"1721 Granville Pike, www.fairhumane.org, Lancaster, OH, 43130, US"
32,animalcontrol@greenbeltmd.gov,(301) 474-6124,"550A Crescent Road, Greenbelt, MD, 20770, US"
33,adopt@harfordshelter.org,(410) 836-1090,"2208 Connolly Road, Fallston, MD, 21047, US"
34,info@harveyshope.org,1234567890,"Hudson, NH, 03051, US"
35,fourpreciouspaws1@yahoo.com,(765) 450-6750,"3117 S. LaFountain, Kokomo, IN, 46902, US"
36,info@harveyshope.org,1234567890,"Hudson, NH, 03051, US"
37,eaplevergreen@eapl.com,(303) 674-6442,"PO Box 2517, Westminster, CO, 80021, US"
38,info@rebeldogsdetroit.com,(313) 338-4398,"Detroit, MI, 48202, US"
39,animalmedicalcenterkc@gmail.com,(816) 333-9000,"Kansas City , MO, 64114, US"
40,adopt@msrnt.com,1234567890,"P.O. Box 112341, Carrollton, TX, 75011, US"
41,info@underdogpetrescue.org,608-224-0018,"231 S Fair Oaks Ave, Madison, WI, 53704, US"
42,blackhathumane@gmail.com,(970) 739-0537,"1121 S. Plaza Way, Flagstaff, AZ, 86001, US"
43,adopt@onetail.org,7085550000,"Chicago, IL, 60647, US"
44,pathwaysforpaws@yahoo.com,(520) 444-7803,"TUCSON, AZ, 85719, US"
45,lovingpetinnadoptions@gmail.com,(336) 393-0000,"1589 Skeet Club Rd., Suite 102-111, High Point, NC, 27265, US"
46,rescuerovers@gmail.com,(435) 565-4031  ,"PO Box 71551, Salt Lake City, UT, 84171, US"
47,rescue@healingspecies.org,803-535-6543 ,"P.O. Box 1202, Orangeburg, SC, 29116, US"
48,adopt@harfordshelter.org,(410) 836-1090,"2208 Connolly Road, Fallston, MD, 21047, US"
49,cbhsadoption@mchsi.com,319-232-6887 ,"1166 W Airline HWY, Waterloo, IA, 50703, US"
50,newyork@louieslegacy.org,(646) 397-5527,"Staten Island, NY, 10302, US"
51,Rescue@tvgrr.com,(855) 558-3100,"P.O. Box 32973, Knoxville, TN, 37930, US"
52,jpr@jenniferspetrescue.com,(770) 505-3261,"2271 McPherson Church Road, Dallas, GA, 30132, US"
53,abd@gmail.com,(803) 776-7387,"Columbia, SC, 29209, US"
54,wcras@wilco.org,512-943-3322  ,"1855 SE Inner Loop, Georgetown, TX, 78626, US"
55,dawnaa@pacbell.net,1234567890,"reno, NV, 89511, US"
56,shelter@elkocitynv.gov,(775) 777-7333,"2210 Pinion Road, Elko, NV, 89801, US"
57,shelter-IN35@petfinder.com,1234567890,"2219 Crystal St., Anderson, IN, 46012, US"
58,info@homefurgood.org,(602) 971-1334,"10220 N 32nd St., Phoenix, AZ, 85028, US"
59,info@highlandlakescaninerescue.org,(830) 693-0569,"Marble Falls, TX, 78654, US"
60,Info@sumnerhumane.org,(615) 822-0061,"16 Volunteer Dr., P.O. Box 2412, Hendersonville, TN, 37075, US"
61,frontdesk@arlmarshalltown.com,(641) 753-9046,"1921 Taylor Ave., Marshalltown, IA, 50158, US"
62,Savealifepetres@aol.com,(407) 952-1037,"PO Box 623341, Oviedo, FL, 32762, US"
63,pgawaep4@gmail.com,(915) 598-0411,"14911 McCracken Drive, El Paso, TX, 79938, US"
64,laurel@town.meeker.co.us,970-878-4968,"109 3rd Street, Meeker, CO, 81641, US"
65,fftfrescue@gmail.com,(719) 849-0918,"Colorado Springs, CO, 80918, US"
66,inquiries@rescue4all.org,1234567890,"Spokane, WA, 99205, US"
67,lhkyrescue@gmail.com,1234567890,"Cincinnati, OH, 45211, US"
68,tvonseggern@ci.montrose.co.us,(970) 240-1487,"3383 N. Townsend Avenue, Montrose, CO, 81401, US"
69,mgmt@washingtonpashelter.org,724-222-7387,"1527 Route 136, PO BOX 66, 1527 Route 136, PO BOX 66, Eighty Four, PA, 15330, US"
70,susand@4rfstreetvets.org,1234567890,"Sacramento, CA, 95817, US"
71,adopt@onetail.org,7085550000,"Chicago, IL, 60647, US"
72,dog_it_dig_it_rescue@yahoo.com,(812) 264-7239,"Terre Haute, IN, 47802, US"
73,orphanannierescue@gmail.com,1234567890,"Atlanta, GA, 30341, US"
74,dreamhouserescue@yahoo.com,1234567890,"Norwood, OH, 45212, US"
75,adopt@onetail.org,7085550000,"Chicago, IL, 60647, US"
76,motleyrescue@gmail.com,1234567890,"Manchester, NH, 03102, US"
77,euclidpetpals2@yahoo.com,216-289-2057,"25100 Lakeland Blvd., Euclid, OH, 44132, US"
78,rescue@heavenlypawsmi.com,1234567890,"Rochester Hills, MI, 48309, US"
79,handsheartspaws@cox.net,1234567890,"Omaha, NE, 68106, US"
80,glorybegood@gmail.com,(214) 682-0095,"Farmersville, TX, 75442, US"
81,abe@gmail.com,(704) 736-4125,"Lincolnton, NC, 28092, US"
82,info@allforonepetrescue.org,(561) 228-4550,"P.O. Box 213325, Royal Palm Beach, FL, 33421, US"
83,adoption@i-wag.com,(770) 562-5228,"Decatur, GA, 30030, US"
84,eaplevergreen@eapl.com,(303) 674-6442,"P. O. Box 2517, Evergreen, CO, 80437, US"
85,info@underdogpetrescue.org,608-224-0018,"231 S Fair Oaks Ave, Madison, WI, 53704, US"
86,adoptions.schs@gmail.com,502-863-3279,"751 Slone Drive, Suite 13, Georgetown, KY, 40324, US"
87,madeline@sheprescue.org,1234567890,"3016 S. Hill street, Los Angeles, CA, 90007, US"
88,dogs@sosarl.org,1234567890,"PO BOX 498, Wakefield, RI, 02880, US"
89,jpr@jenniferspetrescue.com,(770) 505-3261,"2271 McPherson Church Road, Dallas, GA, 30132, US"
90,catkins_wi@yahoo.com,(715) 762-0122  ,"N15262 Oak RD, Park Falls, WI, 54552, US"
91,thistle540@cs.com,1234567890,"PO Box 2467, Cordova, TN, 38088, US"
92,info@homeatlasths.org,(541) 296-5189,"200 River Road, The Dalles, OR, 97058, US"
93,freedomunchainedinc@gmail.com,919-757-4145,"Turkey, NC, 28393, US"
94,dogs@sosarl.org,1234567890,"PO BOX 498, Wakefield, RI, 02880, US"
95,info@kentanimalshelter.com,631-727-5731,"2259 River Rd., Calverton, NY, 11933, US"
96,info@safehavenanimalrescue.org,1234567890,"PO Box 76089, OKC, OK 73147, Warr Acres, OK, 73122, US"
97,contact@lynchburghumane.org,(434) 448-0088,"Lynchburg, VA, 24502, US"
98,pets4adoption@yahoo.com,(605) 223-2287,"1530 N Lowell Avenue, PO Box 954, Pierre, SD, 57501, US"
99,eaplevergreen@eapl.com,(303) 674-6442,"P. O. Box 2517, Evergreen, CO, 80437, US"
100,info@animalhouseshelter.com,(847) 961-5541,"13005 Ernesti Rd, Huntley, IL, 60142, US"
101,abf@gmail.com,(803) 776-7387,"Columbia, SC, 29209, US"
102,sjfelix1226@gmail.com,1234567890,"Cincinnati, OH, 45246, US"
103,pets@humanesocietyofvaldosta.org,(229) 247-3266,"1740 W Gordon St, Valdosta , GA, 31601, US"
104,adopt@doggoneseattle.org,1234567890,"Seattle, WA, 98165, US"
105,info@allforonepetrescue.org,(561) 228-4550,"P.O. Box 213325, Royal Palm Beach, FL, 33421, US"
106,inquiries@rescue4all.org,1234567890,"Spokane, WA, 99205, US"
107,belmontcoshelter@att.net,(740) 695-4708,"45244 National Road West, Saint Clairsville, OH, 43950, US"
108,dogs@sosarl.org,1234567890,"PO BOX 498, Wakefield, RI, 02880, US"
109,Savealifepetres@aol.com,(407) 952-1037,"PO Box 623341, Oviedo, FL, 32762, US"
110,adopt@ilovefamilydog.org,1234567890,"San Francisco, CA, 94103, US"
111,richlandcountypets@yahoo.com,(419) 774-5892,"810 North Home Rd., N.W. corner of the Richland Co. Fairgrou, Mansfield, OH, 44904, US"
112,happinessincrescue@gmail.com,(626) 820-3717,"Covina, CA, 91724, US"
113,pawsintheph@yahoo.com,(803) 285-1809,"222 Palmetto Kennel Ln., Lancaster, SC, 29720, US"
114,Savealifepetres@aol.com,(407) 952-1037,"PO Box 623341, Oviedo, FL, 32762, US"
115,callawayhumanesociety@gmail.com,(573) 826-5656,"P.O Box 795, Fulton, MO, 65251, US"
116,emotional.rescue1@outlook.com,1234567890,"Hastings, MN, 55033, US"
117,passionforpittiessd@gmail.com,(619) 884-4008,"San Diego, CA, 92154, US"
118,info@kentanimalshelter.com,631-727-5731,"2259 River Rd., Calverton, NY, 11933, US"
119,homelesspetsfoundation@gmail.com,(770) 971-0100,"1343 Gresham Rd, Marietta, GA, 30062, US"
120,c2dogz@ptd.net,1234567890,"Gardiner, NY, 12525, US"
121,underdogrescue17@gmail.com,(435) 260-8033,"Moab, UT, 84532, US"
122,info@harveyshope.org,1234567890,"Hudson, NH, 03051, US"
123,rescue@norsled.org,(800) 471-5822,"PO Box 30877, Walnut Creek, CA, 94598, US"
124,info@greatpyreneesrescuesociety.org,1234567890,"Port Orchard, WA, 98367, US"
125,info@tlchs.org,(706) 864-2817,"1735 Red Oak Flats Road, Dahlonega, GA, 30533, US"
126,info@azsmalldog.org,(602) 944-2440,"1102 W Hatcher Road, Phoenix, AZ, 85021, US"
127,info@safehavenanimalrescue.org,1234567890,"PO Box 76089, OKC, OK 73147, Warr Acres, OK, 73122, US"
128,handsheartspaws@cox.net,1234567890,"Omaha, NE, 68106, US"
129,rescueonespringfield@gmail.com,1234567890,"Springfield, MO, 65804, US"
130,adoptngl@gmail.com,1234567890,"East Dover, VT, 05341, US"
131,Cadams@spotslaststop.org,1234567890,"Prior Lake, MN, 55372, US"
132,info@nassauhumane.org,(904) 321-1647,"639 Airport Road, Fernandina Beach, FL, 32034, US"
133,straydogshelter@gmail.com,(903) 479-3497,"PO Box 1465, Gun Barrel City, TX, 75147, US"
134,mzkounnas@hotmail.com,1234567890,"San Diego, CA, 92130, US"
135,abg@gmail.com,505-768-1975 ,"8920 Lomas Blvd.  NE, Albuquerque, NM, 87112, US"
136,info@kearneyanimalshelter.com,(308) 237-7387,"3205 W. Hwy. 30, Kearney, NE, 68845, US"
137,pupperstolove@gmail.com,(608) 628-8766,"Evansville, WI, 53536, US"
138,info@harveyshope.org,1234567890,"Hudson, NH, 03051, US"
139,info@redcollar.org,1234567890,"945 McKinney Street, No. 424, Houston, TX, 77002, US"
140,crittersandrascals@gmail.com,(858) 602-2061,"Poway, CA, 92064, US"
141,rescuerovers@gmail.com,(435) 565-4031  ,"PO Box 71551, Salt Lake City, UT, 84171, US"
142,pawsintheph@yahoo.com,(803) 285-1809,"222 Palmetto Kennel Ln., Lancaster, SC, 29720, US"
143,maggiesmissionrescue@gmail.com,1234567890,"Wadsworth, OH, 44281, US"
144,vbpdac@vbgov.com,757-385-4444 ,"341 S. Birdneck Road, Virginia Beach, VA, 23451, US"
145,homelesspetsfoundation@gmail.com,(770) 971-0100,"1343 Gresham Rd, Marietta, GA, 30062, US"
146,fourpreciouspaws1@yahoo.com,(765) 450-6750,"3117 S. LaFountain, Kokomo, IN, 46902, US"
147,eaplevergreen@eapl.com,(303) 674-6442,"PO Box 2517, Westminster, CO, 80021, US"
148,lendingahelpingpaw313@gmail.com,1234567890,"Ferndale, MI, 48220, US"
149,aalslidell@gmail.com,985-646-4267,"2700 Terrace Ave, Slidell, LA, 70458, US"
150,info@rchumanesociety.org,760-753-6413  ,"389 Requeza Street, Encinitas, CA, 92024, US"
151,inquiry@fouron.org,1234567890,"106 Oakridge Ave #58287, fayetteville, NC, 28305, US"
152,adopt@doggoneseattle.org,1234567890,"Seattle, WA, 98165, US"
153,adopt@ilovefamilydog.org,1234567890,"San Francisco, CA, 94103, US"
154,teresasavespets@gmail.com,(817) 392-1234,"4900 Martin Street, Fort Worth, TX, 76119, US"
155,info@bvspca.org,(302) 516-1000,"600 South Street, New Castle, DE, 19720, US"
156,eaplevergreen@eapl.com,(303) 674-6442,"PO Box 2517, Westminster, CO, 80021, US"
157,whs76384@gmail.com,940-552-5373  ,"P.O. Box 1665, 2801 Sullivan Street, Vernon, TX, 76384, US"
158,adopt@ilovefamilydog.org,1234567890,"San Francisco, CA, 94103, US"
159,adopt@alwaysandfurever.love,(913) 337-3259,"Spring Hill, KS, 66083, US"
160,secondhanddogrescue@gmail.com,(585) 305-5111,"1041 Culver Rd, Storefront, Rochester, NY, 14609, US"
161,bridgesdogsmail@gmail.com,(732) 859-8915,"Forked River, NJ, 08731, US"
162,carerescue47438@gmail.com,8126641629,"Jasonville, IN, 47438, US"
163,miranda@heavenafterhellrescue.org,317-455-5758,"6819 W. 21st St., Indianapolis, IN, 46214, US"
164,adoption@metroanimalshelter.org,(205) 752-9101,"3140  35th Street, Tuscaloosa, AL, 35401, US"
165,catkins_wi@yahoo.com,(715) 762-0122  ,"N15262 Oak RD, Park Falls, WI, 54552, US"
166,peace4pawspresident@gmail.com,(201) 280-8696,"Westwood, NJ, 07675, US"
167,adoptions@wagginghearts.org,(855) 924-4464,"Hainesville, IL, 60030, US"
168,starfishanimalrescuer@gmail.com,1234567890,"Bolingbrook, IL, 60440, US"
169,NoahsArkRescuePS@yahoo.com,(484) 713-8336,"Glenmoore, PA, 19343, US"
170,ContactUs@lifehouse4animals.org,502-875-3436,"14 Fido Court, Frankfort, KY, 40601, US"
171,mustangshelterfriends@gmail.com,(405) 578-4738,"Mustang, OK, 73064, US"
172,info@aparn.org,(480) 964-3126,"2036 N. Gilbert Rd., Ste. 2-160, Mesa, AZ, 85203, US"
173,homelesspetsfoundation@gmail.com,(770) 971-0100,"1343 Gresham Rd, Marietta, GA, 30062, US"
174,moultriehs@yahoo.com,(229) 985-5463,"Moultrie, GA, 31768, US"
175,inquiry@angelsrescue.org,(877) 404-5874,"Alpharetta, GA, 30009, US"
176,office@pethelpers.org,(843) 795-1110,"1447 Folly Road, Charleston, SC, 29412, US"
177,madeline@sheprescue.org,1234567890,"3016 S. Hill street, Los Angeles, CA, 90007, US"
178,info@rchumanesociety.org,760-753-6413  ,"389 Requeza Street, Encinitas, CA, 92024, US"
179,newyork@louieslegacy.org,(646) 397-5527,"Staten Island, NY, 10302, US"
180,kaeli@fchsmo.org,(636) 583-4300,"1222 West Main St., Union, MO, 63084, US"
181,inquiries@rescue4all.org,1234567890,"Spokane, WA, 99205, US"
182,straypawsrescuestl@gmail.com,(314) 254-3466,"Lake Saint Louis, MO, 63367, US"
183,info@homeatlasths.org,(541) 296-5189,"200 River Road, The Dalles, OR, 97058, US"
184,foccas@tampabay.rr.com,1234567890,"P.O. Box 641, Inverness, FL, 34451, US"
185,Lauren.G@poainc.org,1234567890,"144 Main Street Unit O, East Hartford, CT, 06118, US"
186,abh@gmail.com,(209) 768-3630,"14841 Mono Way, Sonora, CA, 95370, US"
187,rescuerovers@gmail.com,(435) 565-4031  ,"PO Box 71551, Salt Lake City, UT, 84171, US"
188,rudysrescueinquiries@gmail.com,1234567890,"Weatherford, TX, 76088, US"
189,info@fairhumane.org,(740) 687-0627,"1721 Granville Pike, www.fairhumane.org, Lancaster, OH, 43130, US"
190,beata778@yahoo.com,1234567890,"Middletown, CT, 06457, US"
191,info@ruffstartrescue.org,(763) 355-3981,"P.O. Box 129, Princeton, MN, 55371, US"
192,acowf@att.net,850-638-2082 ,"686 Highway 90, Chipley, FL, 32428, US"
193,adoption@landerpets.org,(307) 330-5200,"120 Chittim Rd, Lander, WY, 82520, US"
194,info@kentanimalshelter.com,631-727-5731,"2259 River Rd., Calverton, NY, 11933, US"
195,saveasmalldogrescue@gmail.com,760-269-4519  ,"PO  Box 290462, Phelan, CA, 92329, US"
196,lizzyshospice@gmail.com,1234567890,"PO Box 693, Dripping Springs, TX, 78620, US"
197,pstidmon@gmail.com,1234567890,"Meriden, CT, 06450, US"
198,adoptions@alexandriaanimals.org,703-746-4774,"4101 Eisenhower Ave., Alexandria, VA, 22304, US"
199,secondhanddogrescue@gmail.com,(585) 305-5111,"1041 Culver Rd, Storefront, Rochester, NY, 14609, US"
200,info@harveyshope.org,1234567890,"Hudson, NH, 03051, US"
201,info@NDLBrescue.org,(612) 354-6352,"PO Box 29461, Brooklyn Center, MN, 55429, US"
202,info@rescuecrew.org,(612) 299-2001,"Plymouth, MN, 55447, US"
203,abi@gmail.com,505-768-1975 ,"8920 Lomas Blvd.  NE, Albuquerque, NM, 87112, US"
204,adoptions@la-spca.org,(504) 368-5191,"455 F Edward Hebert Blvd., Belle Chasse, LA, 70037, US"
205,beaglesandbuddies@gmail.com,1234567890,"23430 US Hwy #18, Apple Valley, CA, 92307, US"
206,handsheartspaws@cox.net,1234567890,"Omaha, NE, 68106, US"
207,info@rchumanesociety.org,760-753-6413  ,"389 Requeza Street, Encinitas, CA, 92024, US"
208,adoptadog@faithfulfriends.us,(302) 427-8514,"12 Germay Drive, Wilmington, DE, 19804, US"
209,adopt@doggoneseattle.org,1234567890,"Seattle, WA, 98165, US"
210,luckypuppyrescue@aol.com,1234567890,"Argyle, NY, 12809, US"
211,pawsintheph@yahoo.com,(803) 285-1809,"222 Palmetto Kennel Ln., Lancaster, SC, 29720, US"
212,info@midlandshumanesociety.org,(712)396-2270,"1020 Railroad Avenue, Council Bluffs, IA, 51503, US"
213,steve@lovablepaws.org,(843) 422-1549,"24110 Whyte Hardee Blvd, Hardeeville, SC, 29927, US"
214,info@rchumanesociety.org,760-753-6413  ,"389 Requeza Street, Encinitas, CA, 92024, US"
215,chninquiries@caninehumane.org,(888) 436-2236 ext. 801,"Highland, MD, 20777, US"
216,redskyresq@gmail.com,(812) 216-6310,"Medora, IN, 47260, US"
217,gabi.drdr@gmail.com,1234567890,"PO Box 79, Gillsville, GA, 30543, US"
218,kierra@westvalleyhumanesociety.org,(208) 455-5920,"5801 Graye Lane, Caldwell, ID, 83607, US"
219,Wfahsociety@gmail.com,(225) 635-5801,"9946 W Feliciana Parkway, P O Box 2032, Saint Francisville, LA, 70775, US"
220,snipsaadoptions@gmail.com,(210) 237-9400,"PO Box 90325, San Antonio, TX, 78209, US"
221,adoptions@adopthope.org,1234567890,"Cedar Rapids, IA, 52405, US"
222,info@soca-fbc.org,(281) 849-7622,"P.O. Box 1595, Rosenberg, TX, 77471, US"
223,woodstockadoption715@gmail.com,859-277-7729,"843 Lane Allen Road, Lexington, KY, 40504, US"
224,adljones@icloud.com,1234567890,"Brunswick, Maine, Brunswick, ME, 04011, US"
225,info@untilhome.org,(719) 819-4663,"Fort Collins, CO, 80524, US"
226,c2dogz@ptd.net,1234567890,"Gardiner, NY, 12525, US"
227,pdeal@las-cruces.org,(575) 382-0018,"3551 Bataan Memorial West, Las Cruces, NM, 88012, US"
228,info@tailsfromtheheart.org,1234567890,"PO Box 250122, Plano, TX, 75025, US"
229,adopt@acctphilly.org,(267) 385-3800,"111 W. Hunting Park Ave., Philadelphia, PA, 19140, US"
230,info@ARCofmecostacounty.com,231-796-2683,"18400 220th Avenue, Big Rapids, MI, 49307, US"
231,info@harveyshope.org,1234567890,"Hudson, NH, 03051, US"
232,abbylynnblum@gmail.com,(321) 303-7076,"Osteen, FL, 32764, US"
233,rescue@fightingforthebullys.org,1234567890,"Knoxville, TN, 37922, US"
234,fortheloveofstrays@yahoo.com,(361) 462-7911,"P.O. Box 8122, Corpus Christi, TX, 78468, US"
235,info@rchumanesociety.org,760-753-6413  ,"389 Requeza Street, Encinitas, CA, 92024, US"
236,homelesspetsfoundation@gmail.com,(770) 971-0100,"1343 Gresham Rd, Marietta, GA, 30062, US"
237,info@nassauhumane.org,(904) 321-1647,"639 Airport Road, Fernandina Beach, FL, 32034, US"
238,Animal.Services@cityofdenton.com,(940) 349-7594,"3717 N Elm Street, Denton, TX, 76205, US"
239,Friendssheltercockecounty@gmail.com,(423) 532-8475,"420 Humane Way, Newport, TN, 37821, US"
240,abj@gmail.com,(602) 506-2765,"2500 S. 27th Avenue, (27th and Durango), Phoenix, AZ, 85009, US"
241,barn@lonestarmail.net,1234567890,"Whitewright, TX, 75491, US"
242,info@wwprca.com,(530) 895-8888,"2156 Pillsbury Road, #155, Chico, CA, 95973, US"
243,vbpdac@vbgov.com,757-385-4444 ,"341 S. Birdneck Road, Virginia Beach, VA, 23451, US"
244,abk@gmail.com,(317) 781-0755,"1614 W Edgewood Ave, Indianapolis, IN, 46247, US"
245,info@rescuecrew.org,(612) 299-2001,"Plymouth, MN, 55447, US"
246,jonahsarkanimalrescue@gmail.com,(732) 232-5954,"Whiting, NJ, 08759, US"
247,rachaelleighton@yahoo.com,605-999-1111,"PO Box 2321, Sioux Falls, SD, 57101, US"
248,debbien@plano.gov,(972) 769-4360,"4028 Plano Parkway, Plano, TX, 75093, US"
249,info@underdogpetrescue.org,608-224-0018,"231 S Fair Oaks Ave, Madison, WI, 53704, US"
250,adoptions@pawshumane.org,(706) 565-0035,"4900 Milgen Rd., Columbus, GA, 31908, US"
251,adopt.macc@nashville.gov,(615) 862-7928,"5125 Harding Place, Nashville, TN, 37211, US"
252,adoptions@wagginghearts.org,(855) 924-4464,"Hainesville, IL, 60030, US"
253,slpersad@comcast.net,(304) 267-8389,"554 Charles Town Road, Martinsburg, WV, 25405, US"
254,crpups@ptd.net,111-111-1111,"Newfoundland, PA, 18445, US"
255,JARM1234@earthlink.net,(843) 726-7799,"1352 Carters Mill Road, PO Box 1179, Ridgeland, SC, 29936, US"
256,adoptions@wagginghearts.org,(855) 924-4464,"Hainesville, IL, 60030, US"
257,Animaladoptions@decatur-al.gov,(256) 341-4790,"300A Beltline Rd SW, Decatur, AL, 35601, US"
258,Pbnopawsleftbehindrescue@gmail.com,(561) 808-3331,"Boca Raton, FL, 33433, US"
259,adoptions@serenityanimalhospital.net,586-264-8387,"13800 15 Mile Rd, Sterling Heights, MI, 48312, US"
260,dashrescue00@gmail.com,1234567890,"Ashville, OH, 43103, US"
261,inquiry@angelsrescue.org,(877) 404-5874,"Alpharetta, GA, 30009, US"
262,adoptngl@gmail.com,1234567890,"East Dover, VT, 05341, US"
263,straypawsrescuestl@gmail.com,(314) 254-3466,"Lake Saint Louis, MO, 63367, US"
264,info@rescuedogsrocknyc.org,1234567890,"New York, NY, 10075, US"
265,sjfelix1226@gmail.com,1234567890,"Cincinnati, OH, 45246, US"
266,rescuerovers@gmail.com,(435) 565-4031  ,"PO Box 71551, Salt Lake City, UT, 84171, US"
267,pganimals@princegeorgecountyva.gov,(804) 991-3200,"8391 County Drive, Disputanta, VA 23842, Prince George, VA, 23875, US"
268,abl@gmail.com,(313) 459-1419,"P.O Box 216, Allen Park, MI, 48101, US"
269,met@otelco.net,1234567890,"P.O. Box 304, Locust Fork, AL, 35097, US"
270,Info@sumnerhumane.org,(615) 822-0061,"16 Volunteer Dr., P.O. Box 2412, Hendersonville, TN, 37075, US"
271,wmiller@redlandspolice.org,(909) 798-7644,"504 North Kansas St., Redlands, CA, 92373, US"
272,farfelsrescue@gmail.com,(303) 443-7711,"906 Pearl Street, Boulder, CO, 80302, US"
273,handsheartspaws@cox.net,1234567890,"Omaha, NE, 68106, US"
274,happy@tailsrescue.org,(612) 588-0188,"P.O. Box 2485, Maple Grove, MN, 55311, US"
275,adopt@seniorhearts.org,(412) 478-1529,"Bradfordwoods, PA, 15015, US"
276,adoption@i-wag.com,(770) 562-5228,"Decatur, GA, 30030, US"
277,blackhathumane@gmail.com,(970) 739-0537,"Albuquerque, NM, 87107, US"
278,info@centralvermonthumane.org,(802) 476-3811,"1589 Vermont Route 14S, East Montpelier, VT, 05651, US"
279,eaplevergreen@eapl.com,(303) 674-6442,"PO Box 2517, Westminster, CO, 80021, US"
280,Savealifepetres@aol.com,(407) 952-1037,"PO Box 623341, Oviedo, FL, 32762, US"
281,bluecollaredcanines@hotmail.com,(289) 673-1018,"15 reeds rd Cayuga, Niagara Falls, ON, L2G 6X6, CA"
282,eaplevergreen@eapl.com,(303) 674-6442,"PO Box 2517, Westminster, CO, 80021, US"
283,sjfelix1226@gmail.com,1234567890,"Cincinnati, OH, 45246, US"
284,yardleydogs2@aol.com,1234567890,"Newtown, PA, 18940, US"
285,wonderpawsrescue@gmail.com,1234567890,"Fort Lauderdale, FL, 33303, US"
286,kaska23@ptd.net,(570) 386-9241,"P.O. BOX 286, P.O. BOX 286, Schnecksville, PA, 18078, US"
287,jonahsarkanimalrescue@gmail.com,(732) 232-5954,"Whiting, NJ, 08759, US"
288,dconway1327@gmail.com,1234567890,"New Smyrna Beach, FL, 32168, US"
289,aalslidell@gmail.com,985-646-4267,"2700 Terrace Ave, Slidell, LA, 70458, US"
290,vetassistant@macleananimaladoptioncenter.org,(406) 727-7387,"900 25th Ave NE, Great Falls, MT, 59404, US"
291,abm@gmail.com,(803) 776-7387,"Columbia, SC, 29209, US"
292,info@rescuehaven.org,1234567890,"P.O. Box 266, Caldwell, NJ, 07006, US"
293,met@otelco.net,1234567890,"P.O. Box 304, Locust Fork, AL, 35097, US"
294,info@mc-spca.org,(518) 842-8050,"P.O. Box 484, SPCA Rd (off of State Highway 5S), Amsterdam, NY, 12010, US"
295,contact@socialteesnyc.org,1234567890,"Manhattan, NY, 10009, US"
296,animalservices@qac.org,(410) 827-7178,"201 Clay Dr, Queenstown, MD, 21658, US"
297,morgansmuttsrac@yahoo.com,804-551-2908,"Jetersville, VA, 23083, US"
298,handsheartspaws@cox.net,1234567890,"Omaha, NE, 68106, US"
299,adoptions.BTHAR@gmail.com,662 640 9505,"Allentown, NJ, 08501, US"
300,olddominionhumanesociety@Gmail.com,1234567890,"Fredericksburg, VA, 22401, US"
301,Animal.Services@cityofdenton.com,(940) 349-7594,"3717 N Elm Street, Denton, TX, 76205, US"
302,lmrapplications@gmail.com,1234567890,"Raleigh, NC, 27675, US"
303,pawsintheph@yahoo.com,(803) 285-1809,"222 Palmetto Kennel Ln., Lancaster, SC, 29720, US"
304,adoptions@wagginghearts.org,(855) 924-4464,"Hainesville, IL, 60030, US"
305,lhkyrescue@gmail.com,1234567890,"Cincinnati, OH, 45211, US"
306,paws@northwoodshumanesociety.org,(715) 634-5394,"PO Box 82, 10812N OBrien Hill Road, Hayward, WI, 54843, US"
307,banimalshelter@yahoo.com,(205) 625-6026,"5241 County Highway 1, PO Box 458, Cleveland, AL, 35049, US"
308,parkerandpets@yahoo.com,406-212-7544   ,"41680 Flathead View Drive, Polson, MT, 59860, US"
309,info@pawsandclaws.us,1234567890,"PO Box 732137, Puyallup, WA, 98444, US"
310,Hhpmontana1@gmail.com,(406) 860-8735,"2910 Hannon Road, Billings, MT, 59101, US"
311,jpr@jenniferspetrescue.com,(770) 505-3261,"2271 McPherson Church Road, Dallas, GA, 30132, US"
312,adopt@doggoneseattle.org,1234567890,"Seattle, WA, 98165, US"
313,quincywaanimalshelter@quincypd.org,(509) 787-4718 ext. 533,"213 6th Ave NE, Quincy, WA, 98848, US"
314,ContactUs@lifehouse4animals.org,502-875-3436,"14 Fido Court, Frankfort, KY, 40601, US"
315,woodstockadoption715@gmail.com,859-277-7729,"843 Lane Allen Road, Lexington, KY, 40504, US"
316,freedomunchainedinc@gmail.com,919-757-4145,"Turkey, NC, 28393, US"
317,adopt@acctphilly.org,(267) 385-3800,"111 W. Hunting Park Ave., Philadelphia, PA, 19140, US"
318,animalcontrol@greenbeltmd.gov,(301) 474-6124,"550A Crescent Road, Greenbelt, MD, 20770, US"
319,applications@almatailsofhope.com,(608) 205-8580,"Alma, WI, 54610, US"
320,info@oregondogrescue.org,(503) 612-0111,"6700 SW Nyberg St., Tualatin, OR, 97062, US"
321,beaglesandbuddies@gmail.com,1234567890,"23430 US Hwy #18, Apple Valley, CA, 92307, US"
322,pganimals@princegeorgecountyva.gov,(804) 991-3200,"8391 County Drive, Disputanta, VA 23842, Prince George, VA, 23875, US"
323,Friendssheltercockecounty@gmail.com,(423) 532-8475,"420 Humane Way, Newport, TN, 37821, US"
324,handsheartspaws@cox.net,1234567890,"Omaha, NE, 68106, US"
325,info@tailsofgray.org,1234567890,"P.O. Box 434, Clayton, CA, 94517, US"
326,vbpdac@vbgov.com,757-385-4444 ,"341 S. Birdneck Road, Virginia Beach, VA, 23451, US"
327,adopt@seniorhearts.org,(412) 478-1529,"Bradfordwoods, PA, 15015, US"
328,jeffntexarkana@aol.com,903-490-2959,"Texarkana, TX, 75501, US"
329,wpccanimalshelter@gmail.com,(662) 524-4430,"5122 Old Tibbee Road, West Point, MS, 39773, US"
330,barbara.vass@fortbendcountytx.gov,281-342-1512,"1210 Blume Rd., Rosenberg, TX, 77471, US"
331,info@underdogpetrescue.org,608-224-0018,"231 S Fair Oaks Ave, Madison, WI, 53704, US"
332,animalshelter@collincountytx.gov,(972) 547-7292,"4750 Community Ave., Collin County Justice Complex, McKinney, TX, 75070, US"
333,char@adoptgoodkarma.com,1234567890,"White Lake, MI, 48386, US"
334,info@soca-fbc.org,(281) 849-7622,"P.O. Box 1595, Rosenberg, TX, 77471, US"
335,adoptadog@staf.org,1234567890,"4011 Red Bank Road, Cincinnati, OH, 45227, US"
336,madeline@sheprescue.org,1234567890,"3016 S. Hill street, Los Angeles, CA, 90007, US"
337,adoptions@theanimalleague.org,(352) 429-6334,"4648 Baptist Island Road, Groveland FL 32736, Clermont, FL, 34712, US"
338,adopt@dogswithoutborders.org,1234567890,"330 South La Cienega, Los Angeles, CA, 90048, US"
339,info@kearneyanimalshelter.com,(308) 237-7387,"3205 W. Hwy. 30, Kearney, NE, 68845, US"
340,info@kentanimalshelter.com,631-727-5731,"2259 River Rd., Calverton, NY, 11933, US"
341,VintageRacersForRescues@gmail.com,(434) 250-9080,"Blanch, NC, 27212, US"
342,Info@sumnerhumane.org,(615) 822-0061,"16 Volunteer Dr., P.O. Box 2412, Hendersonville, TN, 37075, US"
343,info@tailsofgray.org,1234567890,"P.O. Box 434, Clayton, CA, 94517, US"
344,info@harveyshope.org,1234567890,"Hudson, NH, 03051, US"
345,steve@lovablepaws.org,(843) 422-1549,"24110 Whyte Hardee Blvd, Hardeeville, SC, 29927, US"
346,handsheartspaws@cox.net,1234567890,"Omaha, NE, 68106, US"
347,secondhanddogrescue@gmail.com,(585) 305-5111,"1041 Culver Rd, Storefront, Rochester, NY, 14609, US"
348,caringsongsrescue@gmail.com,(657) 845-9364,"Manhattan Beach, CA, 90267, US"
349,info@luckydayrescue.org,844-925-5327,"Aspen, CO, 81612, US"
350,rescuek911@yahoo.com,(913) 543-1364,"Merriam, KS, 66203, US"
351,yardleydogs2@aol.com,1234567890,"Hagerstown, MD, 21740, US"
352,olddominionhumanesociety@Gmail.com,1234567890,"3602 Lafayette Blvd, Fredericksburg, VA, 22408, US"
353,LoveDogs.BedfordNY@gmail.com,1234567890,"Ossining, NY, 10562, US"
354,nypetrescue@gmail.com,(914) 835-3332,"7 Harrison Avenue, Harrison, NY, 10528, US"
355,spcaofpolkcounty@spcaofpolkcounty.org,(936) 327-7722,"802 S. Houston, P.O. Box 1403, Livingston, TX, 77351, US"
356,rescuerovers@gmail.com,(435) 565-4031  ,"PO Box 71551, Salt Lake City, UT, 84171, US"
357,info@underdogpetrescue.org,608-224-0018,"231 S Fair Oaks Ave, Madison, WI, 53704, US"
358,acowf@att.net,850-638-2082 ,"686 Highway 90, Chipley, FL, 32428, US"
359,abn@gmail.com,(803) 776-7387,"Columbia, SC, 29209, US"
360,nypetrescue@gmail.com,(914) 835-3332,"7 Harrison Avenue, Harrison, NY, 10528, US"
361,sweetadoptables@ymail.com,1234567890,"Westport, CT, 06880, US"
362,fortheloveofstrays@yahoo.com,(361) 462-7911,"P.O. Box 8122, Corpus Christi, TX, 78468, US"
363,Albertsdoglounge@gmail.com,1234567890,"Whitewater, WI, 53190, US"
364,HSOanimalshelter@co.humboldt.ca.us,(707) 840-9132  ,"980 Lycoming Road, McKinleyville, CA, 95519, US"
365,info@lakeshorepaws.org,(219) 476-7297,"4611 Evans Ave, Valparaiso, IN, 46383, US"
366,adopt@nebraskadachshundrescue.org,1234567890,"Omaha, NE, 68138, US"
367,underdogrescue17@gmail.com,(435) 260-8033,"Moab, UT, 84532, US"
368,kaeli@fchsmo.org,(636) 583-4300,"1222 West Main St., Union, MO, 63084, US"
369,jodianna032007@gmail.com,(517) 936-1067,"950 W. Monroe St, Suite 150, Jackson, MI, 49202, US"
370,abs@gmail.com,(803) 776-7387,"Columbia, SC, 29209, US"
371,goldfishmom73@gmail.com,1234567890,"Saint Louis, MO, 63139, US"
372,info@pawsandclaws.us,1234567890,"PO Box 732137, Puyallup, WA, 98444, US"
373,adopt@ilovefamilydog.org,1234567890,"San Francisco, CA, 94103, US"
374,info@thepibafoundation.org,(813) 867-6005,"Tampa, FL, 33611, US"
375,pets@tricountyhumanesociety.org,320-252-0896,"735 8th St. NE, PO Box 701, Saint Cloud, MN, 56302, US"
376,info@midlandshumanesociety.org,(712)396-2270,"1020 Railroad Avenue, Council Bluffs, IA, 51503, US"
377,pets@tricountyhumanesociety.org,320-252-0896,"735 8th St. NE, PO Box 701, Saint Cloud, MN, 56302, US"
378,cooperschance@yahoo.com,1234567890,"Chandler, AZ, 85249, US"
379,pdeal@las-cruces.org,(575) 382-0018,"3551 Bataan Memorial West, Las Cruces, NM, 88012, US"
380,yardleydogs2@aol.com,1234567890,"Newtown, PA, 18940, US"
381,info@soca-fbc.org,(281) 849-7622,"P.O. Box 1595, Rosenberg, TX, 77471, US"
382,info@lakeshorepaws.org,(219) 476-7297,"4611 Evans Ave, Valparaiso, IN, 46383, US"
383,paws@northwoodshumanesociety.org,(715) 634-5394,"PO Box 82, 10812N OBrien Hill Road, Hayward, WI, 54843, US"
384,adopt@msrnt.com,1234567890,"P.O. Box 112341, Carrollton, TX, 75011, US"
385,info@kearneyanimalshelter.com,(308) 237-7387,"3205 W. Hwy. 30, Kearney, NE, 68845, US"
386,pets@tricountyhumanesociety.org,320-252-0896,"735 8th St. NE, PO Box 701, Saint Cloud, MN, 56302, US"
387,paws@northwoodshumanesociety.org,(715) 634-5394,"PO Box 82, 10812N OBrien Hill Road, Hayward, WI, 54843, US"
388,rescuerovers@gmail.com,(435) 565-4031  ,"PO Box 71551, Salt Lake City, UT, 84171, US"
389,shelter-OH382@petfinder.com,1234567890,"1165 Seriff Rd., Lima, OH, 45805, US"
390,trkrescue@gmail.com,1234567890,"Bloomsbury, NJ, 08804, US"
391,gailspets@hotmail.com,870-431-8229  ,"310-CR 119, Oakland, AR, 72661, US"
392,info@underdogpetrescue.org,608-224-0018,"231 S Fair Oaks Ave, Madison, WI, 53704, US"
393,dreamhouserescue@yahoo.com,1234567890,"Norwood, OH, 45212, US"
394,dog_it_dig_it_rescue@yahoo.com,(812) 264-7239,"Terre Haute, IN, 47802, US"
395,adopt@nebraskadachshundrescue.org,1234567890,"Omaha, NE, 68138, US"
396,info@nittanybeaglerescue.org,1234567890,"P.O. Box 127, West Decatur, PA, 16878, US"
397,gailspets@hotmail.com,870-431-8229  ,"310-CR 119, Oakland, AR, 72661, US"
398,pawsdogadopt@gmail.com,(850) 243-1525,"752 Lovejoy Road, Fort Walton Beach, FL, 32548, US"
399,therescueboutique@gmail.com,1234567890,"Zionsville, IN, 46077, US"
400,aap1@frontiernet.net,(217) 835-2538,"807 Stewart Rd, P.O.Box 53, Benld, IL, 62009, US"
401,fourpreciouspaws1@yahoo.com,(765) 450-6750,"3117 S. LaFountain, Kokomo, IN, 46902, US"
402,moorehumane@gmail.com,9109472631,"5355 NC Hwy 22, Carthage, NC, 28327, US"
403,info@midlandshumanesociety.org,(712)396-2270,"1020 Railroad Avenue, Council Bluffs, IA, 51503, US"
404,info@azsmalldog.org,(602) 944-2440,"1102 W Hatcher Road, Phoenix, AZ, 85021, US"
405,rescuerovers@gmail.com,(435) 565-4031  ,"PO Box 71551, Salt Lake City, UT, 84171, US"
406,info@rescuedogsrocknyc.org,1234567890,"New York, NY, 10075, US"
407,moorehumane@gmail.com,9109472631,"5355 NC Hwy 22, Carthage, NC, 28327, US"
408,handsheartspaws@cox.net,1234567890,"Omaha, NE, 68106, US"
409,teresasavespets@gmail.com,(817) 392-1234,"4900 Martin Street, Fort Worth, TX, 76119, US"
410,straypawsrescuestl@gmail.com,(314) 254-3466,"Lake Saint Louis, MO, 63367, US"
411,info@animalhouseshelter.com,(847) 961-5541,"13005 Ernesti Rd, Huntley, IL, 60142, US"
412,adopt@harfordshelter.org,(410) 836-1090,"2208 Connolly Road, Fallston, MD, 21047, US"
413,motleyrescue@gmail.com,1234567890,"Manchester, NH, 03102, US"
414,abo@gmail.com,(904) 302-3980,"2364 Emerson St, Jacksonville, FL, 32207, US"
415,info@hshcky.org,(270) 826-8966,"203 Drury Lane, Henderson, KY, 42420, US"
416,harescue1@aol.com,(347) 722-5939,"PO Box 170289, Ozone Park, NY, 11417, US"
417,madeline@sheprescue.org,1234567890,"3016 S. Hill street, Los Angeles, CA, 90007, US"
418,hopkinscohs@gmail.com,(270) 821-8965,"2210 Laffoon Trail, Madisonville, KY, 42431, US"
419,adopt@orangeburgspca.org,(803) 536-3918,"225 Ruf Road, PO Box 1584, Orangeburg, SC 29118, Orangeburg, SC, 29118, US"
420,therescueboutique@gmail.com,1234567890,"Zionsville, IN, 46077, US"
421,motleyrescue@gmail.com,1234567890,"Manchester, NH, 03102, US"
422,steve@lovablepaws.org,(843) 422-1549,"24110 Whyte Hardee Blvd, Hardeeville, SC, 29927, US"
423,met@otelco.net,1234567890,"P.O. Box 304, Locust Fork, AL, 35097, US"
424,shelterstaff@cookeville-tn.org,(931) 526-3647,"2650 Gainesboro Grade, Cookeville, TN, 38501, US"
425,beata778@yahoo.com,1234567890,"Middletown, CT, 06457, US"
426,info@nittanybeaglerescue.org,1234567890,"P.O. Box 127, West Decatur, PA, 16878, US"
427,peshelter@perrycountyohio.net,(740) 342-3795,"1650 Commerce Drive, Perry County Industrial Park, New Lexington, OH, 43764, US"
428,hearts4doxies@gmail.com,1234567890,"Renton, WA, 98058, US"
429,palsplace1@hotmail.com,1234567890,"Chicago, IL, 60618, US"
430,adoptions@wagginghearts.org,(855) 924-4464,"Hainesville, IL, 60030, US"
431,adopt@strengthofshadow.org,1234567890,"PO Box 97, Bodfish, CA, 93205, US"
432,handsheartspaws@cox.net,1234567890,"Omaha, NE, 68106, US"
433,moorehumane@gmail.com,9109472631,"5355 NC Hwy 22, Carthage, NC, 28327, US"
434,dreamhouserescue@yahoo.com,1234567890,"Norwood, OH, 45212, US"
435,secondhanddogrescue@gmail.com,(585) 305-5111,"1041 Culver Rd, Storefront, Rochester, NY, 14609, US"
436,orphanannierescue@gmail.com,1234567890,"Atlanta, GA, 30341, US"
437,woof@olddogsnewdigs.com,1234567890,"Westbrook, ME, 04092, US"
438,kcas@kentcountymi.gov,(616) 632-7300,"740 Fuller Ave. NE, Grand Rapids, MI, 49503, US"
439,adopt@seniorhearts.org,(412) 478-1529,"Bradfordwoods, PA, 15015, US"
440,savingshepherdsmn@gmail.com,1234567890,"Hugo, MN, 55038, US"
441,dreamhouserescue@yahoo.com,1234567890,"Norwood, OH, 45212, US"
442,shelter-OH382@petfinder.com,1234567890,"1165 Seriff Rd., Lima, OH, 45805, US"
443,madeline@sheprescue.org,1234567890,"3016 S. Hill street, Los Angeles, CA, 90007, US"
444,adopt.macc@nashville.gov,(615) 862-7928,"5125 Harding Place, Nashville, TN, 37211, US"
445,adoptions@icarestl.org,(314) 696-2444,"St. Louis, MO, 63103, US"
446,info@rchumanesociety.org,760-753-6413  ,"389 Requeza Street, Encinitas, CA, 92024, US"
447,info@harveyshope.org,1234567890,"Hudson, NH, 03051, US"
448,lcdkvolunteers@gmail.com,(440) 326-5995,"301 Hadaway St., Elyria, OH, 44035, US"
449,pawsofloveanimalrescue@yahoo.com,1234567890,"Dallas, TX, 75229, US"
450,volunteers@mansfieldshelter.org,(508) 261-7339,"175 Fruit Street, Mansfield, MA, 02048, US"
451,noconaluckypaws@gmail.com,(940) 867-5015,"653 Airport Rd., Nocona, TX, 76255, US"
452,animal.services@mymanatee.org,(941) 742-5933,"305 - 25th Street West, Palmetto, FL, 34221, US"
453,info@noahshopeanimalrescue.com,712 253-8394   ,"Sioux City, IA, 51103, US"
454,pawsonthegreen@yahoo.com,1234567890,"P.O. Box 276, Edgewater, NJ, 07020, US"
455,yvette@hoofandpawrescue.com,4804731456,"Cave Creek, AZ, 85331, US"
456,Jess.BCARL@gmail.com,(740) 782-9712,"Belmont, OH, 43718, US"
457,pganimals@princegeorgecountyva.gov,(804) 991-3200,"8391 County Drive, Disputanta, VA 23842, Prince George, VA, 23875, US"
458,jpr@jenniferspetrescue.com,(770) 505-3261,"2271 McPherson Church Road, Dallas, GA, 30132, US"
459,rescueadogtoday@gmail.com,(907) 727-6728,"511 W. 41st Ave., Unit C, Anchorage, AK, 99503, US"
460,info@rchumanesociety.org,760-753-6413  ,"389 Requeza Street, Encinitas, CA, 92024, US"
461,handsheartspaws@cox.net,1234567890,"Omaha, NE, 68106, US"
462,info@animalhouseshelter.com,(847) 961-5541,"13005 Ernesti Rd, Huntley, IL, 60142, US"
463,handsheartspaws@cox.net,1234567890,"Omaha, NE, 68106, US"
464,warrickhs@gmail.com,812-858-1132,"5722 Vann Rd., P.O. Box 82, Newburgh, IN, 47630, US"
465,ahome4spot@gmail.com,(702) 239-7986,"Las Vegas, NV, 89103, US"
466,info@fairhumane.org,(740) 687-0627,"1721 Granville Pike, www.fairhumane.org, Lancaster, OH, 43130, US"
467,info@savingtailsanimalrescue.org,1234567890,"PO Box 285, Frankenmuth, MI, 48734, US"
468,Info@therileyrescue.com,1234567890,"Bellmawr, NJ, 08031, US"
469,Savealifepetres@aol.com,(407) 952-1037,"PO Box 623341, Oviedo, FL, 32762, US"
470,caringsongsrescue@gmail.com,(657) 845-9364,"Manhattan Beach, CA, 90267, US"
471,cbhsadoption@mchsi.com,319-232-6887 ,"1166 W Airline HWY, Waterloo, IA, 50703, US"
472,animalshelter@cityofallen.org,214-509-4378,"770 S. Allen Heights Drive, Northwest Corner of Allen Heights & Bethany, Allen, TX, 75002, US"
473,mail@bamabully.org,1234567890,"Birmingham, AL, 35201, US"
474,info@savingtailsanimalrescue.org,1234567890,"PO Box 285, Frankenmuth, MI, 48734, US"
475,Info.cvrr@gmail.com,(434) 8562676,"PO Box 2172 , Forest, VA, 24551, US"
476,Info@sumnerhumane.org,(615) 822-0061,"16 Volunteer Dr., P.O. Box 2412, Hendersonville, TN, 37075, US"
477,peshelter@perrycountyohio.net,(740) 342-3795,"1650 Commerce Drive, Perry County Industrial Park, New Lexington, OH, 43764, US"
478,sachseb@stjosephcountymi.org,(269) 467-6475,"PO BOX 252, 652 E MAIN ST., Centreville, MI, 49032, US"
479,steve@lovablepaws.org,(843) 422-1549,"24110 Whyte Hardee Blvd, Hardeeville, SC, 29927, US"
480,adopt@doggoneseattle.org,1234567890,"Seattle, WA, 98165, US"
481,farfetchedrescue@gmail.com,1234567890,"Indianapolis, IN, 46241, US"
482,pdeal@las-cruces.org,(575) 382-0018,"3551 Bataan Memorial West, Las Cruces, NM, 88012, US"
483,shelter-IL438@petfinder.com,1234567890,"7340 W 191st St, Tinley Park, IL, 60487, US"
484,Info@sumnerhumane.org,(615) 822-0061,"16 Volunteer Dr., P.O. Box 2412, Hendersonville, TN, 37075, US"
485,evrasstaff@gmail.com,505-384-5117 ,"751 Salt Missions Trail, Moriarty, NM, 87035, US"
486,rescueachi@gmail.com,(858) 256-9479,"San Diego, CA, 92111, US"
487,wmiller@redlandspolice.org,(909) 798-7644,"504 North Kansas St., Redlands, CA, 92373, US"
488,ContactUs@lifehouse4animals.org,502-875-3436,"14 Fido Court, Frankfort, KY, 40601, US"
489,info@animalhope.org,(817) 984-1129,"6708 S. Hulen, Fort Worth, TX, 76133, US"
490,underdogrescue17@gmail.com,(435) 260-8033,"Moab, UT, 84532, US"
491,animalservices@qac.org,(410) 827-7178,"201 Clay Dr, Queenstown, MD, 21658, US"
492,office@harborhumane.org,(616) 399-2119,"14345 Bagley St, West Olive, MI, 49460, US"
493,PIDinc@aol.com,(954) 472-8667,"Davie, FL, 33328, US"
494,loveofalldogs@gmail.com,1234567890,"Brooklyn, NY, 11201, US"
495,pganimals@princegeorgecountyva.gov,(804) 991-3200,"8391 County Drive, Disputanta, VA 23842, Prince George, VA, 23875, US"
496,WOFARinc@gmail.com,8609429871,"Griswold, CT, 06351, US"
497,abp@gmail.com,(803) 776-7387,"Columbia, SC, 29209, US"
498,adoptions@safeanimalshelter.com,(904) 375-9122,"2913 County Road 220, Middleburg, FL, 32068, US"
499,adopt@doggoneseattle.org,1234567890,"Seattle, WA, 98165, US"
500,humblehounds@outlook.com,1234567890,"HONEY BROOK, PA, 19344, US"
501,pawsintheph@yahoo.com,(803) 285-1809,"222 Palmetto Kennel Ln., Lancaster, SC, 29720, US"
502,mcar.tamara@gmail.com,(828) 765-6952,"2492 Hwy 19 E, Spruce Pine, NC, 28777, US"
503,info@fatherjohns.org,973-300-5909,"50 Father Johns Lane, Lafayette, NJ, 07826, US"
504,aalslidell@gmail.com,985-646-4267,"2700 Terrace Ave, Slidell, LA, 70458, US"
505,rescuerovers@gmail.com,(435) 565-4031  ,"PO Box 71551, Salt Lake City, UT, 84171, US"
506,info@jerseyshoreanimalcenter.org,(732) 920-1600,"185 Brick Boulevard, Brick, NJ, 08723, US"
507,Info@therileyrescue.com,1234567890,"Bellmawr, NJ, 08031, US"
508,info@aparn.org,(480) 964-3126,"2036 N. Gilbert Rd., Ste. 2-160, Mesa, AZ, 85203, US"
509,kierra@westvalleyhumanesociety.org,(208) 455-5920,"5801 Graye Lane, Caldwell, ID, 83607, US"
510,hss@cablelynx.com,501-268-3535,"112 Johnston Road, P.O. Box 8242, Searcy, AR, 72143, US"
511,olddominionhumanesociety@Gmail.com,1234567890,"3602 Lafayette Blvd, Fredericksburg, VA, 22408, US"
512,arftexas@att.net,(830) 433-2458,"Seguin, TX, 78155, US"
513,paws@northwoodshumanesociety.org,(715) 634-5394,"PO Box 82, 10812N OBrienHillRoad, Hayward, WI, 54843, US"
514,info@rescuecrew.org,(612) 299-2001,"Plymouth, MN, 55447, US"
515,spcaofpolkcounty@spcaofpolkcounty.org,(936) 327-7722,"802 S. Houston, P.O. Box 1403, Livingston, TX, 77351, US"
516,jonahsarkanimalrescue@gmail.com,(732) 232-5954,"Whiting, NJ, 08759, US"
517,madeline@sheprescue.org,1234567890,"3016 S. Hill street, Los Angeles, CA, 90007, US"
518,northwoodsanimalshelter@hotmail.com,906 265-PETS,"930 Selden Road, Iron River, MI, 49935, US"
519,adoptatdchs@gmail.com,812-482-7387   ,"P.O. Box 408, 426 Wernsing Road, Jasper, IN, 47547, US"
520,Strayhavenadoptions@gmail.com,(812) 655-1974,"Aurora, IN, 47001, US"
521,info@rchumanesociety.org,760-753-6413  ,"389 Requeza Street, Encinitas, CA, 92024, US"
522,inquiries@rescue4all.org,1234567890,"Spokane, WA, 99205, US"
523,cbhsadoption@mchsi.com,319-232-6887 ,"1166 W Airline HWY, Waterloo, IA, 50703, US"
524,info@rchumanesociety.org,760-753-6413  ,"389 Requeza Street, Encinitas, CA, 92024, US"
525,rescuerovers@gmail.com,(435) 565-4031  ,"PO Box 71551, Salt Lake City, UT, 84171, US"
526,steve@lovablepaws.org,(843) 422-1549,"24110 Whyte Hardee Blvd, Hardeeville, SC, 29927, US"
527,Police@ivins.com,(435) 628-1049,"474 North 200 West, Ivins, UT, 84738, US"
528,Animaladoptions@decatur-al.gov,(256) 341-4790,"300A Beltline Rd SW, Decatur, AL, 35601, US"
529,ContactUs@lifehouse4animals.org,502-875-3436,"14 Fido Court, Frankfort, KY, 40601, US"
530,info@homeatlasths.org,(541) 296-5189,"200 River Road, The Dalles, OR, 97058, US"
531,adopt@nebraskadachshundrescue.org,1234567890,"Omaha, NE, 68138, US"
532,poochsavers@gmail.com,1234567890,"6204 West Park Boulevard, PLANO, TX, 75093, US"
533,fortheloveofstrays@yahoo.com,(361) 462-7911,"P.O. Box 8122, Corpus Christi, TX, 78468, US"
534,uffdarescue@gmail.com,701-230-4014,"P.O. Box 454, Cando, ND, 58324, US"
535,info@hobocare.org,(303) 744-8329,"Denver, CO, 80209, US"
536,adoptions@adopthope.org,1234567890,"Cedar Rapids, IA, 52405, US"
537,hselco@bellsouth.net,(334) 567-3377,"255 Central Plank Rd. (Hwy9), Wetumpka, AL, 36092, US"
538,info@collarofhope.org,(253) 466-4634,"Olalla, WA, 98359, US"
539,abq@gmail.com,(602) 506-2765,"2500 S. 27th Avenue, (27th and Durango), Phoenix, AZ, 85009, US"
540,pyrpawsnfluffytails@gmail.com,1234567890,"Kiowa, OK, 74553, US"
541,info@soca-fbc.org,(281) 849-7622,"P.O. Box 1595, Rosenberg, TX, 77471, US"
542,info@herorescue.org,1234567890,"Cumming, GA, 30040, US"
543,adopt@strengthofshadow.org,1234567890,"PO Box 97, Bodfish, CA, 93205, US"
544,Animal.Services@cityofdenton.com,(940) 349-7594,"3717 N Elm Street, Denton, TX, 76205, US"
545,info@soca-fbc.org,(281) 849-7622,"P.O. Box 1595, Rosenberg, TX, 77471, US"
546,noahsarktx@yahoo.com,(940) 665-9800,"2501 N Weaver, Gainesville, TX, 76240, US"
547,traci.care@gmail.com,1234567890,"PO Box 215, Aurora, MO, 65605, US"
548,abr@gmail.com,(585) 555-1234,"3177 Latta Road Box 161, Rochester, NY, 14612, US"
549,vbpdac@vbgov.com,757-385-4444 ,"341 S. Birdneck Road, Virginia Beach, VA, 23451, US"
550,farfetchedrescue@gmail.com,1234567890,"Indianapolis, IN, 46241, US"
551,frontdesk@memphishumane.org,(901) 937-3900,"935 Farm Rd, Memphis, TN, 38134, US"
552,info@hsnb.org,(707) 645-7905,"1121 Sonoma Blvd, Vallejo, CA, 94590, US"
553,pawsofloveanimalrescue@yahoo.com,1234567890,"Dallas, TX, 75229, US"
554,pstidmon@gmail.com,1234567890,"Stafford Springs, CT, 06076, US"
555,eaplevergreen@eapl.com,(303) 674-6442,"P. O. Box 2517, Evergreen, CO, 80437, US"
556,lhsinfo@lexingtonhumanesociety.org,859.233.0044 x223,"1600 Old Frankfort Pike, Lexington, KY, 40504, US"
557,anne@lfaw.org,(513) 735-2299,"4193 Taylor Road, Cincinnati, OH, 45103, US"
558,moorehumane@gmail.com,9109472631,"5355 NC Hwy 22, Carthage, NC, 28327, US"
559,madeline@sheprescue.org,1234567890,"3016 S. Hill street, Los Angeles, CA, 90007, US"
560,palofgc@gmail.com,(208) 365-1359,"1526 N. Washington, Emmett, ID, 83617, US"
561,fahpr@att.net,1234567890,"Naperville, IL, 60564, US"
562,sannicoladogrescue@gmail.com,(720) 381-7358,"Westminster, CO, 80021, US"
563,eaplevergreen@eapl.com,(303) 674-6442,"P. O. Box 2517, Evergreen, CO, 80437, US"
564,questions@incohumanesociety.com,(724) 465-7387,"191 Airport Road, Indiana, PA, 15701, US"
565,dawsonhumane@windstream.net,706-265-9160,"633 Martin Road, Dawsonville, GA, 30534, US"
566,eaplevergreen@eapl.com,(303) 674-6442,"P. O. Box 2517, Evergreen, CO, 80437, US"
567,adoptions@theanimalleague.org,(352) 429-6334,"4648 Baptist Island Road, Groveland FL 32736, Clermont, FL, 34712, US"
568,ccas@hesenergy.net,(270) 887-4175,"2935 Russellville Road (Highway 68 East), Hopkinsville, KY, 42240, US"
569,shelter@potsdamhumanesociety.org,315-265-3199,"17 Madrid Ave., Potsdam, NY, 13676, US"
570,adopt@alwaysandfurever.love,(913) 337-3259,"Spring Hill, KS, 66083, US"
571,kierra@westvalleyhumanesociety.org,(208) 455-5920,"5801 Graye Lane, Caldwell, ID, 83607, US"
572,rayeraye1964@yahoo.com,270-724-1385,"526 Atkinson St., Henderson, KY, 42420, US"
573,info@savingtailsanimalrescue.org,1234567890,"PO Box 285, Frankenmuth, MI, 48734, US"
574,underdogrescue17@gmail.com,(435) 260-8033,"Moab, UT, 84532, US"
575,info@animalhouseshelter.com,(847) 961-5541,"13005 Ernesti Rd, Huntley, IL, 60142, US"
576,adopt@harfordshelter.org,(410) 836-1090,"2208 Connolly Road, Fallston, MD, 21047, US"
577,Nancy@ozzieandfriendsrescue.org,1234567890,"Rowland Heights , CA, 91748, US"
578,info@mhspets.org,(231) 839-3800,"5310 W. Houghton Lake Rd (M-55), P.O. Box D, Lake City, MI, 49651, US"
579,c2dogz@ptd.net,1234567890,"Gardiner, NY, 12525, US"
580,motleyrescue@gmail.com,1234567890,"Manchester, NH, 03102, US"
581,nypetrescue@gmail.com,(914) 835-3332,"7 Harrison Avenue, Harrison, NY, 10528, US"
582,noconaluckypaws@gmail.com,(940) 867-5015,"653 Airport Rd., Nocona, TX, 76255, US"
583,dreamhouserescue@yahoo.com,1234567890,"Norwood, OH, 45212, US"
584,adopt@nebraskadachshundrescue.org,1234567890,"Omaha, NE, 68138, US"
585,moultriehs@yahoo.com,(229) 985-5463,"Moultrie, GA, 31768, US"
586,evrasstaff@gmail.com,505-384-5117 ,"751 Salt Missions Trail, Moriarty, NM, 87035, US"
587,richlandcountypets@yahoo.com,(419) 774-5892,"810 North Home Rd., N.W. corner of the Richland Co. Fairgrou, Mansfield, OH, 44904, US"
588,acrossamericaboxerrescue@gmail.com,612-354-4601   ,"2441 Ponds Way, Shakopee, MN, 55379, US"
589,c2dogz@ptd.net,1234567890,"Gardiner, NY, 12525, US"
590,rescuerovers@gmail.com,(435) 565-4031  ,"PO Box 71551, Salt Lake City, UT, 84171, US"
591,dreamhouserescue@yahoo.com,1234567890,"Norwood, OH, 45212, US"
592,jonahsarkanimalrescue@gmail.com,(732) 232-5954,"Whiting, NJ, 08759, US"
593,info@kentanimalshelter.com,631-727-5731,"2259 River Rd., Calverton, NY, 11933, US"
594,humanesocietyjctn@gmail.com,(865) 475-8930,"Dandridge, TN, 37725, US"
595,farfelsrescue@gmail.com,(303) 443-7711,"906 Pearl Street, Boulder, CO, 80302, US"
596,hsbcpets@chibardun.net,(715) 537-9063,"1571 Guy Avenue, Barron, WI, 54812, US"
597,JARM1234@earthlink.net,(843) 726-7799,"1352 Carters Mill Road, PO Box 1179, Ridgeland, SC, 29936, US"
598,aap1@frontiernet.net,(217) 835-2538,"807 Stewart Rd, P.O.Box 53, Benld, IL, 62009, US"
599,pets@humanesocietyofvaldosta.org,(229) 247-3266,"1740 W Gordon St, Valdosta , GA, 31601, US"
600,Pickenscountypartnersforpets@gmail.com,205-463-7781,"Brattleboro, VT, 05301, US"
601,chninquiries@caninehumane.org,(888) 436-2236 ext. 801,"Highland, MD, 20777, US"
602,info@homefurgood.org,(602) 971-1334,"10220 N 32nd St., Phoenix, AZ, 85028, US"
603,info@rchumanesociety.org,760-753-6413  ,"389 Requeza Street, Encinitas, CA, 92024, US"
604,hselco@bellsouth.net,(334) 567-3377,"255 Central Plank Rd. (Hwy9), Wetumpka, AL, 36092, US"
605,info@harveyshope.org,1234567890,"Hudson, NH, 03051, US"
606,reception@hs-scm.org,(269) 963-1796,"2500 Watkins Road, Battle Creek, MI, 49015, US"
607,info@kentanimalshelter.com,631-727-5731,"2259 River Rd., Calverton, NY, 11933, US"
608,therescuemepetfoundation@gmail.com,(424) 501-5769,"Los Angeles, CA, 90066, US"
609,abbylynnblum@gmail.com,(321) 303-7076,"Osteen, FL, 32764, US"
610,dreamhouserescue@yahoo.com,1234567890,"Norwood, OH, 45212, US"
611,wpccanimalshelter@gmail.com,(662) 524-4430,"5122 Old Tibbee Road, West Point, MS, 39773, US"
612,adopt@ilovefamilydog.org,1234567890,"San Francisco, CA, 94103, US"
613,info@mhspets.org,(231) 839-3800,"5310 W. Houghton Lake Rd (M-55), P.O. Box D, Lake City, MI, 49651, US"
614,info@caloosahumanesociety.org,(863) 675-0997,"1200 Pratt Blvd.    (SHIPPING), Labelle, FL, 33975, US"
615,therescueboutique@gmail.com,1234567890,"Zionsville, IN, 46077, US"
616,yardleydogs2@aol.com,1234567890,"Hagerstown, MD, 21740, US"
617,jonahsarkanimalrescue@gmail.com,(732) 232-5954,"Whiting, NJ, 08759, US"
618,info@aparn.org,(480) 964-3126,"2036 N. Gilbert Rd., Ste. 2-160, Mesa, AZ, 85203, US"
619,casinfo@colliervilletn.gov,(901) 457-2670,"603 E. South Street, Collierville, TN, 38017, US"
620,saveamomrescue@aol.com,330-866-5405,"10021 Cleveland Ave, S, East Sparta, OH, 44626, US"
621,info@centralvermonthumane.org,(802) 476-3811,"1589 Vermont Route 14S, East Montpelier, VT, 05651, US"
622,Friendssheltercockecounty@gmail.com,(423) 532-8475,"420 Humane Way, Newport, TN, 37821, US"
623,adopt@ilovefamilydog.org,1234567890,"San Francisco, CA, 94103, US"
624,pstidmon@gmail.com,1234567890,"Enfield, CT, 06082, US"
625,kierra@westvalleyhumanesociety.org,(208) 455-5920,"5801 Graye Lane, Caldwell, ID, 83607, US"
626,inquiry@angelsrescue.org,(877) 404-5874,"Alpharetta, GA, 30009, US"
627,fourpreciouspaws1@yahoo.com,(765) 450-6750,"3117 S. LaFountain, Kokomo, IN, 46902, US"
628,rescueadogtoday@gmail.com,(907) 727-6728,"511 W. 41st Ave., Unit C, Anchorage, AK, 99503, US"
629,Savealifepetres@aol.com,(407) 952-1037,"PO Box 623341, Oviedo, FL, 32762, US"
630,adoptngl@gmail.com,1234567890,"East Dover, VT, 05341, US"
631,rescuerovers@gmail.com,(435) 565-4031  ,"PO Box 71551, Salt Lake City, UT, 84171, US"
632,dog_it_dig_it_rescue@yahoo.com,(812) 264-7239,"Terre Haute, IN, 47802, US"
633,reception@hs-scm.org,(269) 963-1796,"2500 Watkins Road, Battle Creek, MI, 49015, US"
634,abt@gmail.com,(803) 776-7387,"Columbia, SC, 29209, US"
635,abbylynnblum@gmail.com,(321) 303-7076,"Osteen, FL, 32764, US"
636,vbpdac@vbgov.com,757-385-4444 ,"341 S. Birdneck Road, Virginia Beach, VA, 23451, US"
637,secondhanddogrescue@gmail.com,(585) 305-5111,"1041 Culver Rd, Storefront, Rochester, NY, 14609, US"
638,inquiries.ewenity@gmail.com,1234567890,"Bradenton, FL, 34211, US"
639,info@azsmalldog.org,(602) 944-2440,"1102 W Hatcher Road, Phoenix, AZ, 85021, US"
640,wagswhiskersmn@gmail.com,1234567890,"minneapolis, MN, 55417, US"
641,info@highsierraanimalrescue.org,(530) 832-4727  ,"103 Meadowridge Lane, P.O. Box 548, Portola, CA, 96122, US"
642,info@wwprca.com,(530) 895-8888,"2156 Pillsbury Road, #155, Chico, CA, 95973, US"
643,halonokillrescue@gmail.com,(772) 589-7297,"710 Jackson St, Sebastian, FL, 32958, US"
644,crpups@ptd.net,111-111-1111,"Newfoundland, PA, 18445, US"
645,adoptions@therescuevets.com,1234567890,"Naperville, IL, 60564, US"
646,mgmt@washingtonpashelter.org,724-222-7387,"1527 Route 136, PO BOX 66, 1527 Route 136, PO BOX 66, Eighty Four, PA, 15330, US"
647,shelter@sfhumanesociety.org,(505) 983-4309,"100 Caja del Rio Road, Santa Fe, NM, 87507, US"
648,animalservices@glynncounty-ga.gov,(912) 554-7500,"4765 US 17 N, Brunswick, GA, 31525, US"
649,BARCAdoptions@houstontx.gov,(713) 837-0311,"3300 Carr Street (Front Entrance), 2700 Evella Street (Rear Entrance), Houston, TX, 77026, US"
650,Albertsdoglounge@gmail.com,1234567890,"Whitewater, WI, 53190, US"
651,HappyHeartsGSDRescue@gmail.com,1234567890,"La Mesa, CA, 91942, US"
652,mas@memphistn.gov,(901) 636-1416,"2350 Appling City Cove, Memphis, TN, 38133, US"
653,info@greatpyreneesrescuesociety.org,1234567890,"Portland, OR, 97216, US"
654,abu@gmail.com,(630) 256-3630,"600 S. River St., Aurora, IL, 60506, US"
655,info@caloosahumanesociety.org,(863) 675-0997,"1200 Pratt Blvd.    (SHIPPING), Labelle, FL, 33975, US"
656,adoptions@morrisanimalrefuge.org,(215) 735-3256,"1242 Lombard Street, Philadelphia, PA, 19147, US"
657,rescuerovers@gmail.com,(435) 565-4031  ,"PO Box 71551, Salt Lake City, UT, 84171, US"
658,adopt@bobbicares.org,(718) 326-6070,"2 Rider Place, Freeport, NY, 11520, US"
659,adoptions@providenceac.org,(610) 566-1370,"555 Sandy Bank Road, Media, PA, 19063, US"
660,dreamhouserescue@yahoo.com,1234567890,"Norwood, OH, 45212, US"
661,info@kentanimalshelter.com,631-727-5731,"2259 River Rd., Calverton, NY, 11933, US"
662,dashrescue00@gmail.com,1234567890,"Ashville, OH, 43103, US"
663,moultriehs@yahoo.com,(229) 985-5463,"Moultrie, GA, 31768, US"
664,info@caloosahumanesociety.org,(863) 675-0997,"1200 Pratt Blvd.    (SHIPPING), Labelle, FL, 33975, US"
665,abv@gmail.com,(785) 625-1011,"105 W 12th, Hays, KS, 67601, US"
666,Jess.BCARL@gmail.com,(740) 782-9712,"Belmont, OH, 43718, US"
667,info@animalhouseshelter.com,(847) 961-5541,"13005 Ernesti Rd, Huntley, IL, 60142, US"
668,pdeal@las-cruces.org,(575) 382-0018,"3551 Bataan Memorial West, Las Cruces, NM, 88012, US"
669,dreamhouserescue@yahoo.com,1234567890,"Norwood, OH, 45212, US"
670,debbien@plano.gov,(972) 769-4360,"4028 Plano Parkway, Plano, TX, 75093, US"
671,orphanannierescue@gmail.com,1234567890,"Atlanta, GA, 30341, US"
672,blackhathumane@gmail.com,(970) 739-0537,"Albuquerque, NM, 87107, US"
673,aclobby@ci.crowley.tx.us,(817) 297-2201 ext. 3300,"101 E. Hampton Rd, Crowley, TX, 76036, US"
674,lhkyrescue@gmail.com,1234567890,"Cincinnati, OH, 45211, US"
675,adopt@ilovefamilydog.org,1234567890,"San Francisco, CA, 94103, US"
676,Savealifepetres@aol.com,(407) 952-1037,"PO Box 623341, Oviedo, FL, 32762, US"
677,Animal.Services@cityofdenton.com,(940) 349-7594,"3717 N Elm Street, Denton, TX, 76205, US"
678,info@sighthoundunderground.com,866-661-7484,"P.O. Box 339, McLean, VA, 22101, US"
679,adoptions@therescuevets.com,1234567890,"Naperville, IL, 60564, US"
680,Info@OlliesAngelsAnimalRescue.org,1234567890,"Greenlawn, NY, 11740, US"
681,rescuerovers@gmail.com,(435) 565-4031  ,"PO Box 71551, Salt Lake City, UT, 84171, US"
682,furever_buddys@yahoo.com,(435) 401-4972,"550 west Highway 40, Roosevelt, UT, 84066, US"
683,inquiries@rescue4all.org,1234567890,"Spokane, WA, 99205, US"
684,dreamhouserescue@yahoo.com,1234567890,"Norwood, OH, 45212, US"
685,moultriehs@yahoo.com,(229) 985-5463,"Moultrie, GA, 31768, US"
686,adopt@onetail.org,7085550000,"Chicago, IL, 60647, US"
687,waggingtailsrescuelv@gmail.com,1234567890,"Henderson, NV, 89052, US"
688,rifleanimalshelter@yahoo.com,970-625-8808  ,"569 County Road 265, Rifle, CO, 81650, US"
689,info@highlandlakescaninerescue.org,(830) 693-0569,"Marble Falls, TX, 78654, US"
690,sweetadoptables@ymail.com,1234567890,"Westport, CT, 06880, US"
691,info@NDLBrescue.org,(612) 354-6352,"PO Box 29461, Brooklyn Center, MN, 55429, US"
692,Info@sumnerhumane.org,(615) 822-0061,"16 Volunteer Dr., P.O. Box 2412, Hendersonville, TN, 37075, US"
693,adopt@dogswithoutborders.org,1234567890,"330 South La Cienega, Los Angeles, CA, 90048, US"
694,cliffordsadoptions@gmail.com,(704) 460-9030,"Shelby, NC, 28152, US"
695,mamimaru2010@gmail.com,(619) 227-5205,"Chula Vista, CA, 91913, US"
696,info@goldenhuggs.org,(888) 888-8888,"Mashpee, MA, 02649, US"
697,info@healingheartsrescue.org,1234567890,"Crystal, MN, 55428, US"
698,adopt@nebraskadachshundrescue.org,1234567890,"Omaha, NE, 68138, US"
699,buffaloshelter@gmail.com,(716) 851-5694,"380 N. Oak Street, Buffalo, NY, 14203, US"
700,info@foreverhomesforpaws.org,(270) 801-5224,"Radcliff, KY, 40160, US"
701,fayettevillecritters@gmail.com,(931) 433-3726,"P.O. Box 37, 1718 Pulaski Hwy, Fayetteville, TN, 37334, US"
702,therescueboutique@gmail.com,1234567890,"Zionsville, IN, 46077, US"
703,pawsdogadopt@gmail.com,(850) 243-1525,"752 Lovejoy Road, Fort Walton Beach, FL, 32548, US"
704,noahsarktx@yahoo.com,(940) 665-9800,"2501 N Weaver, Gainesville, TX, 76240, US"
705,Adopt@inapl.org,(765) 356-0900,"613 Dewey Street, Anderson, IN, 46011, US"
706,eaplevergreen@eapl.com,(303) 674-6442,"P. O. Box 2517, Evergreen, CO, 80437, US"
707,Savealifepetres@aol.com,(407) 952-1037,"PO Box 623341, Oviedo, FL, 32762, US"
708,info@hshcky.org,(270) 826-8966,"203 Drury Lane, Henderson, KY, 42420, US"
709,happy@tailsrescue.org,(612) 588-0188,"P.O. Box 2485, Maple Grove, MN, 55311, US"
710,catkins_wi@yahoo.com,(715) 762-0122  ,"N15262 Oak RD, Park Falls, WI, 54552, US"
711,animal@bloomington.in.gov,(812) 349-3492,"3410 S. Walnut Street, Bloomington, IN, 47401, US"
712,eaplevergreen@eapl.com,(303) 674-6442,"PO Box 2517, Westminster, CO, 80021, US"
713,derpets@co.pg.md.us,(301) 780-7200,"Upper Marlboro, MD, 20772, US"
714,handsheartspaws@cox.net,1234567890,"Omaha, NE, 68106, US"
715,motleyrescue@gmail.com,1234567890,"Manchester, NH, 03102, US"
716,info@kentanimalshelter.com,631-727-5731,"2259 River Rd., Calverton, NY, 11933, US"
717,aalslidell@gmail.com,985-646-4267,"2700 Terrace Ave, Slidell, LA, 70458, US"
718,JARM1234@earthlink.net,(843) 726-7799,"1352 Carters Mill Road, PO Box 1179, Ridgeland, SC, 29936, US"
719,sclontz@alachuacounty.us,352-264-6870,"3400 NE 53rd Avenue, Gainesville, FL, 32609, US"
720,starfishanimalrescuer@gmail.com,1234567890,"Batavia, Batavia, IL, 60510, US"
721,eaplevergreen@eapl.com,(303) 674-6442,"P. O. Box 2517, Evergreen, CO, 80437, US"
722,onceuponaprayerrescue@gmail.com,(618) 593-2356,"O Fallon, IL, 62269, US"